POST_URL,TITLE,SEO_TITLE,PUBLISH_DATE,AUTHOR,META_DESCRIPTION,FEATURED_IMAGE,POST_BODY,TAGS
https://www.greenlineactivations.com/blog/what-is-brand-ambassador-certification-hemp-brands,What is a brand ambassador certification — and why it matters for hemp beverage brands,What is a brand ambassador certification — and why it matters for hemp beverage brands | Greenline Activations,4/20/2026,Asmar Gary,"Hemp beverage brands can't afford untrained reps at the shelf. Here's what brand ambassador certification is, why it matters, and how HempSafe sets the standard.",,"<p>The rep standing behind the sample table at your retail activation isn't just pouring drinks. They're your brand. In a 90-second window, they'll answer questions, handle objections, and either convert a curious shopper into a buyer — or send them to the next shelf. In the hemp beverage category, that rep needs to know a lot more than how to smile and pour.</p>

<p>Most don't. That's a bigger problem than most brands realize.</p>

<h2>Why generic promo training isn't enough for hemp</h2>

<p>Standard brand ambassador training was built for CPG: know the product, stay on-script, be personable. Hemp operates in a different environment. It carries regulatory complexity, consumer skepticism, and retailer sensitivities that generic promo staff aren't equipped to navigate.</p>

<p>A rep who doesn't know the difference between hemp-derived Delta-9 and CBD will stumble on the first real consumer question. A rep who makes an unsupported health claim — even casually — creates liability for your brand. A rep who doesn't know the store's sampling protocol can get your product pulled from the floor before the activation ends.</p>

<p>These aren't edge cases. They're the standard failure modes for hemp brands running activations with untrained staff.</p>

<h2>What a brand ambassador certification actually is</h2>

<p>A certification is a structured training program that verifies a rep can represent your product category — not just your specific brand — before they engage a single consumer. Good certification covers:</p>

<ul>
<li><strong>Hemp and THC basics</strong> — cannabinoid types, effects, and how to explain them accurately to a skeptical shopper</li>
<li><strong>Compliance language</strong> — what reps can and cannot say under current FTC and Florida state guidelines</li>
<li><strong>Retailer protocols</strong> — age verification, sampling rules, and store-specific requirements that vary by chain</li>
<li><strong>Objection handling</strong> — real answers to ""will this get me high,"" ""is this legal,"" and ""how is this different from CBD""</li>
</ul>

<p>The key distinction from a brand brief: a certification has a pass/fail assessment and produces a verifiable credential. A brand brief tells a rep what to say. A certification confirms they actually know it.</p>

<h2>Four reasons certification protects your brand at the shelf</h2>

<p><strong>Risk reduction.</strong> Certified reps know exactly what not to say. That protects you from retailer incidents, social media exposure, and regulatory attention — all more common in hemp than brands expect.</p>

<p><strong>Conversion quality.</strong> A rep who can answer ""is this safe?"" with confidence converts more trials than one who deflects. Educated reps close more shelf interactions.</p>

<p><strong>Retailer trust.</strong> Buyers and store managers notice when activation staff are professional. It affects reorder decisions. A poorly run activation can damage a relationship that took months to build.</p>

<p><strong>Brand consistency.</strong> With certification as a baseline, every rep at every event delivers the same compliant, on-brand message — whether you're in Jacksonville, Tampa, or Miami.</p>

<h2>HempSafe certification: built for this category</h2>

<p>HempSafe is a certification program built specifically for hemp beverage brand ambassadors — not adapted from alcohol training or generic cannabis education. It covers the compliance requirements, product knowledge, and consumer-facing skills that hemp-specific activations actually require.</p>

<p>Reps complete the program online and carry a verifiable credential. Brands can require HempSafe as a standard for any team working their product. Agencies can access bulk pricing for team certification.</p>

<p>All Greenline Activations brand ambassadors are HempSafe certified before their first event. <a href=""https://hempsafe.org"">Learn more at HempSafe.org</a>.</p>

<h2>Three questions to ask your activation partner</h2>

<p>Before your next sampling event, ask any agency you're working with:</p>

<ol>
<li>Are your reps trained specifically on hemp and THC beverage compliance — not just general CPG sampling?</li>
<li>Can you provide documentation of that training before the event?</li>
<li>Do your reps carry a verifiable credential, or just a one-page brand brief?</li>
</ol>

<p>If the answers are vague, that's your answer. <a href=""https://www.greenlineactivations.com/contact"">Reach out to Greenline</a> to talk through your activation strategy.</p>","Brand Ambassadors, Hemp Beverages, Field Marketing, HempSafe"
https://www.greenlineactivations.com/blog/how-to-become-brand-ambassador-florida,How to become a brand ambassador in Florida — what agencies actually look for,How to become a brand ambassador in Florida — what agencies actually look for | Greenline Activations,4/27/2026,Asmar Gary,"Thinking about brand ambassador work in Florida? Here's what field marketing agencies actually look for when hiring reps for hemp, THC, and functional beverage activations.",https://47886643.fs1.hubspotusercontent-na1.net/hubfs/47886643/post-01-certification.png,"<p>Brand ambassador work in Florida is competitive. The state has one of the most active field marketing scenes in the country — driven by a year-round event calendar, a dense retail footprint, and a growing number of hemp, THC beverage, and functional drink brands running in-store activations across north, central, and south Florida.</p>

<p>If you're trying to break in — or move up — here's what agencies are actually looking for when they hire.</p>

<h2>What the job actually involves</h2>

<p>A brand ambassador activation shift typically runs 3–5 hours, usually on a Friday, Saturday, or Sunday inside a grocery store, specialty retailer, or event venue. Your job is to drive product trial and awareness — setting up a sample station, engaging shoppers, answering questions, and logging results in a post-event recap.</p>

<p>In the hemp and THC beverage space, the role carries more responsibility than a typical promo gig. You're handling products that consumers have real questions about — and sometimes real skepticism. Being able to hold that conversation confidently is what separates a strong rep from a warm body.</p>

<h2>What agencies look for</h2>

<p><strong>Reliability.</strong> This is the top filter. Agencies cancel more reps for no-shows and late arrivals than for any other reason. If you commit to a shift, you show up — on time, in dress code, with your materials. Nothing damages an agency relationship faster than a last-minute cancellation on event day.</p>

<p><strong>Communication.</strong> Agencies dispatch dozens of reps across multiple markets. Reps who respond to briefs, confirm shifts, and submit recaps on time are the ones who get booked again. Being easy to work with is a real competitive advantage.</p>

<p><strong>Product category fluency.</strong> For hemp and functional beverage activations specifically, agencies want reps who can explain what they're sampling — not just hand it out. You don't need to be a cannabis expert, but you need to be trainable and take the category seriously.</p>

<p><strong>Professional presentation.</strong> You're representing a brand in a retail environment. How you look, how you speak, and how you engage strangers in a public space matters. Agencies notice immediately in interviews and on-site evaluations.</p>

<h2>How HempSafe certification changes the equation</h2>

<p>The hemp and THC beverage category is growing fast in Florida, and most brand ambassador training doesn't cover it. HempSafe certification fills that gap — it's a purpose-built program that covers hemp compliance, product education, and consumer-facing protocols specific to this category.</p>

<p>For agencies like Greenline Activations that work exclusively with hemp and functional beverage brands, HempSafe certification is a baseline requirement. Having it before you apply puts you ahead of the majority of candidates. <a href=""https://hempsafe.org"">Get certified at HempSafe.org</a>.</p>

<h2>How to apply to Greenline</h2>

<p>Greenline Activations runs in-store sampling activations across Florida for hemp, THC beverage, and functional drink brands. We staff events in Jacksonville, Orlando, Tampa, and South Florida markets on a rolling basis.</p>

<p>We look for reps who are HempSafe certified, reliable, and comfortable representing emerging beverage brands in retail environments. <a href=""https://www.greenlineactivations.com/contact"">Apply here</a> — include your market, availability, and any prior brand ambassador or promo experience.</p>","Brand Ambassadors, Field Marketing, Florida, Careers"
https://www.greenlineactivations.com/blog/why-florida-brands-fail-in-store-sampling,Why Florida brands fail at in-store sampling — and how to fix it,Why Florida brands fail at in-store sampling — and how to fix it | Greenline Activations,5/4/2026,Asmar Gary,Most in-store sampling activations in Florida underperform for the same reasons. Here's what goes wrong and how to run activations that actually move product.,https://47886643.fs1.hubspotusercontent-na1.net/hubfs/47886643/post-03-fail-sampling.png,"<p>Most in-store sampling activations don't fail because the product is bad. They fail because of execution. The setup is wrong, the rep is unprepared, the location is mismatched, or the brand has no way to know whether anything worked at all.</p>

<p>These are fixable problems. Here's where Florida brands most commonly go wrong — and what a well-run activation looks like instead.</p>

<h2>Mistake 1: Positioning by the front door</h2>

<p>It feels logical — maximum foot traffic, everyone who walks in sees you. In practice, front-of-store placement is one of the weakest spots for sampling. Shoppers entering a store are in task mode. They have a list. They're moving. They walk past a sample station at the entrance the same way they walk past the cart corral.</p>

<p>The highest-conversion placement is adjacent to the product on shelf. A shopper in the beverage aisle, looking at your product, is already in a purchase consideration moment. A sample at that moment closes the gap between interest and trial. Front-door samples are awareness plays. Shelf-adjacent samples are conversion plays. Know which one you're running.</p>

<h2>Mistake 2: Sending an unprepared rep</h2>

<p>The brand sends a one-page product overview and tells the rep to ""just be friendly."" The rep shows up, pours samples, and answers every substantive question with ""I'm not sure, you can check the website.""</p>

<p>In the hemp and THC beverage category, this is especially damaging. Consumers have real questions about cannabinoids, legality, and effects. A rep who can't answer them doesn't just lose the trial — they actively create doubt. The shopper walks away less confident in the product than before the interaction.</p>

<p>Reps need category training, not just brand briefs. For hemp brands specifically, that means knowing what the product is, what it isn't, what's legal to say, and how to handle skepticism directly.</p>

<h2>Mistake 3: Running one event and evaluating the channel</h2>

<p>A single activation is a data point, not a strategy. Brands run one sampling event, don't see an immediate velocity spike, and conclude that activations don't work for their product. What they've actually learned is that one event in one store on one Saturday doesn't move the needle.</p>

<p>Sampling works through repetition and retailer relationship-building. The third activation at the same store outperforms the first every time — because the staff knows your product, the placement is optimized, and the rep has learned which consumer objections to expect.</p>

<h2>Mistake 4: No recap, no data</h2>

<p>Most brands can't tell you how many samples they poured, what the conversion rate was, or what questions consumers asked most. Without that data, every activation is a black box. You can't improve what you can't measure.</p>

<p>A good activation produces a post-event recap with samples poured, estimated trial rate, consumer feedback, retail staff notes, and photos. That data informs the next activation — better placement, better rep prep, better timing.</p>

<h2>What a well-run activation looks like</h2>

<p>Shelf-adjacent placement. A rep with category-specific training. A clear script for the top three consumer objections. A defined success metric going in. And a recap submitted within 24 hours that gives the brand something to act on.</p>

<p>Greenline Activations runs sampling events across Florida with HempSafe-certified reps, standardized recap reporting, and placement strategy built around the retailer and product type. <a href=""https://www.greenlineactivations.com/contact"">Talk to us about your next activation.</a></p>","Brand Activations, Field Marketing, Florida, In-Store Sampling"
https://www.greenlineactivations.com/blog/what-brand-ambassador-shifts-pay-florida,What brand ambassador shifts actually pay in Florida — a straight answer,What brand ambassador shifts actually pay in Florida — a straight answer | Greenline Activations,5/11/2026,Asmar Gary,"Curious what brand ambassador and promo work pays in Florida? Here's a real breakdown of rates for sampling activations, field sales, and hemp-specific events.",https://47886643.fs1.hubspotusercontent-na1.net/hubfs/47886643/post-04-pay.png,"<p>Pay transparency in the promo and brand ambassador space is inconsistent at best. Rates vary by category, agency, event type, and market — and most job posts are vague about what you'll actually earn. Here's a straight answer for Florida specifically.</p>

<h2>Standard sampling activation shifts</h2>

<p>For a standard in-store sampling shift — typically 4–5 hours at a grocery store or specialty retailer — Florida rates generally fall between $18 and $28 per hour depending on the category, agency, and your experience level. Entry-level reps with no category-specific training land at the lower end. Reps with relevant certifications, demonstrated reliability, and prior activation experience command more.</p>

<p>Most shifts are 1099 independent contractor arrangements. Factor in self-employment tax when you're evaluating take-home pay.</p>

<h2>Hemp and THC beverage activations</h2>

<p>Hemp and THC beverage activations pay a premium over standard CPG sampling work. The category requires reps with real product knowledge and compliance awareness — which means agencies can't hire the general promo pool for these events. Reps who are HempSafe certified and have prior experience in this category typically earn $22–$32 per hour for activation shifts.</p>

<p>The higher rate reflects the added responsibility: you're representing a regulated product category, handling consumer questions about cannabinoids and legality, and working within a stricter compliance framework than a snack or beverage sample event.</p>

<h2>Lead ambassador and field team roles</h2>

<p>Lead ambassador roles — where you're managing a two- or three-person team at a larger activation — typically add $3–$6 per hour above your base rate. Field sales roles, where you're doing retail account visits and velocity checks rather than consumer-facing sampling, are usually structured as day rates or monthly retainers rather than hourly pay.</p>

<h2>What affects your rate</h2>

<p><strong>Certification.</strong> HempSafe certification is a concrete differentiator for hemp and THC beverage work. Agencies that require it are also agencies that pay more for it — because the certification narrows the qualified candidate pool.</p>

<p><strong>Reliability history.</strong> Reps who have a clean track record — no-show free, recap-compliant, on-time — get first access to better shifts and negotiate from a stronger position.</p>

<p><strong>Market.</strong> South Florida (Miami-Dade, Broward) rates trend slightly higher than Central and North Florida markets, reflecting higher cost of living and more competition for event coverage.</p>

<h2>Working with Greenline</h2>

<p>Greenline Activations staffs hemp, THC beverage, and functional drink activations across Florida. We work with certified reps who take the category seriously. <a href=""https://www.greenlineactivations.com/contact"">Apply here</a> if you're interested in upcoming shifts.</p>","Brand Ambassadors, Field Marketing, Florida, Careers"
https://www.greenlineactivations.com/blog/florida-activation-sprint-cost-breakdown,What a Florida activation sprint actually costs — and what you get for it,What a Florida activation sprint actually costs — and what you get for it | Greenline Activations,5/18/2026,Asmar Gary,"Transparent pricing breakdown for in-store sampling activations in Florida. What brands pay per event, what's included, and how to evaluate ROI before you book.",https://47886643.fs1.hubspotusercontent-na1.net/hubfs/47886643/post-05-cost.png,"<p>Activation pricing in the field marketing space is notoriously opaque. Agencies quote ranges, add line items, and bundle services in ways that make it hard to know what you're actually buying. Here's a transparent look at what in-store sampling activations cost in Florida — and what separates a $650 event from a $950 one.</p>

<h2>The base cost of a sampling activation</h2>

<p>A single in-store sampling activation in Florida — one rep, one store, one shift — typically runs between $650 and $950 all-in. That range covers:</p>

<ul>
<li>Rep labor (4–5 hour shift at market rate for the product category)</li>
<li>Pre-event coordination: briefing, materials confirmation, store contact</li>
<li>Post-event recap: samples poured, consumer feedback, photos, retail staff notes</li>
<li>Agency management and scheduling overhead</li>
</ul>

<p>The higher end of that range applies when the category requires specialized training (hemp, THC beverages), when the store is in a harder-to-staff market, or when the event requires two reps rather than one.</p>

<h2>What's usually not included</h2>

<p>Product samples, branded materials (tablecloth, signage, uniforms), and any sampling fees charged by the retailer are separate from the activation fee. Most brands handle product supply directly. Some retailers — particularly larger chains — charge a sampling fee that runs $150–$500 per event; your brand rep or distributor should negotiate this before the activation is booked.</p>

<h2>Multi-event and sprint pricing</h2>

<p>Per-event rates decrease at volume. A four-event sprint across two markets in a month typically runs 10–15% below the single-event rate per activation. A sustained monthly program — eight or more events per month — is typically structured as a flat monthly management fee rather than per-event pricing, which includes scheduling, recap aggregation, and strategy adjustment between activation windows.</p>

<h2>How to evaluate ROI before you book</h2>

<p>The input you need is your retail margin per unit and an honest estimate of your trial-to-purchase conversion rate. A well-run activation in a receptive retail environment converts 15–30% of samples to same-day purchase. At a $6 margin per unit and 60 samples poured with a 20% conversion rate, you're looking at $72 in direct margin from a single event.</p>

<p>Direct margin rarely covers the activation cost on a single event — which is why activation is a velocity strategy, not a margin strategy. The ROI is in the retailer relationship, the reorder cadence, and the consumer trial data you're building over a sprint of events.</p>

<h2>What Greenline's activation sprint includes</h2>

<p>Greenline runs activation sprints across Florida for hemp, THC beverage, and functional drink brands. Every activation includes a HempSafe-certified rep, pre-event briefing, and a standardized post-event recap. Multi-event sprints include cross-event data aggregation and retailer feedback reporting.</p>

<p><a href=""https://www.greenlineactivations.com/contact"">Reach out to get a quote for your market and retail footprint.</a></p>","Brand Activations, Field Marketing, Florida, Pricing"
https://www.greenlineactivations.com/blog/hemp-beverage-regulations-florida-county,Hemp beverage sampling regulations in Florida — what brands need to know before they activate,Hemp beverage sampling regulations in Florida — what brands need to know before they activate | Greenline Activations,5/25/2026,Asmar Gary,Florida hemp beverage sampling rules vary by county and retailer. Here's what brands need to know about compliance before running in-store activations in FL.,https://47886643.fs1.hubspotusercontent-na1.net/hubfs/47886643/post-06-regulations.png,"<p>Florida is one of the most active markets for hemp-derived beverages in the country — and one of the most complex to navigate from a compliance standpoint. Before you put a rep on a sampling floor, here's what you need to understand about the regulatory environment.</p>

<h2>State-level framework</h2>

<p>Florida legalized the sale of hemp-derived products under the 2019 Hemp Extract Registration Act, which aligns with the federal 2018 Farm Bill. Hemp-derived Delta-9 THC beverages with a total THC concentration at or below 0.3% by dry weight are legal to sell in Florida — including for in-store sampling.</p>

<p>However, Florida law requires that hemp extract products be registered with the Florida Department of Agriculture and Consumer Services (FDACS) before retail sale. If your product isn't FDACS-registered, it shouldn't be on a Florida shelf — and it definitely shouldn't be sampled there.</p>

<h2>County and municipality variation</h2>

<p>Some Florida counties and municipalities have imposed additional restrictions on hemp-derived products, particularly those containing Delta-9 THC. Enforcement varies. Before scheduling activations in a new market, verify that your product is compliant at the county level — not just the state level. Your distributor should have visibility on this; if they don't, that's a red flag worth addressing before you activate.</p>

<h2>Retailer-level rules</h2>

<p>Individual retailers set their own sampling protocols regardless of state and county law. Some chains allow hemp and THC beverage sampling with advance authorization; others prohibit it outright regardless of product legality. A few require brands to submit a certificate of analysis (COA) and product registration documentation before they'll approve a sampling event.</p>

<p>Always confirm retailer approval before booking an activation. An unauthorized sampling event — even with a compliant product — can damage your retail relationship and result in a product pull.</p>

<h2>What reps can and cannot say</h2>

<p>FTC guidelines prohibit making unsubstantiated health claims about hemp-derived products. Reps cannot claim that a product treats, cures, or prevents any medical condition. They cannot make specific claims about THC effects that aren't supported by the product's labeling or COA.</p>

<p>What reps can do: explain what hemp-derived Delta-9 THC is, how it differs from marijuana-derived THC, what the product's cannabinoid profile is, and what the brand's intended use case is — relaxation, sleep support, social drinking alternative, and so on — if those claims are accurately reflected on the label.</p>

<h2>Why certified reps matter here</h2>

<p>This is exactly the compliance terrain that HempSafe certification covers. Reps who are HempSafe certified know what they can say, what they can't, and how to handle consumer questions without creating liability for the brand. Greenline Activations requires HempSafe certification for all reps working hemp and THC beverage events. <a href=""https://hempsafe.org"">Learn more at HempSafe.org.</a></p>

<p>Have questions about activating in a specific Florida market? <a href=""https://www.greenlineactivations.com/contact"">Reach out to Greenline.</a></p>","Hemp Beverages, Compliance, Florida, Field Marketing"
https://www.greenlineactivations.com/blog/entering-florida-beverage-market-without-distributor,How to enter the Florida beverage market without a distributor yet,How to enter the Florida beverage market without a distributor yet | Greenline Activations,6/1/2026,Asmar Gary,No Florida distributor yet? Here's how hemp and functional beverage brands can build market presence through field marketing before locking in distribution.,https://47886643.fs1.hubspotusercontent-na1.net/hubfs/47886643/post-07-market-entry.png,"<p>Most beverage brands approach the Florida market the same way: find a distributor, get on shelf, figure out velocity later. That sequence makes sense on paper. In practice, many brands arrive at a distributor meeting without the velocity data or retail proof points to negotiate from a position of strength.</p>

<p>There's a different path — and it's one that's worked consistently for brands entering Florida's hemp and functional beverage space.</p>

<h2>What distributors actually want to see</h2>

<p>Florida beverage distributors — particularly those working the hemp and THC category — are volume businesses. They take on new brands based on confidence that the product will move. That confidence comes from one thing: demonstrated consumer pull.</p>

<p>A brand that walks into a distributor meeting with 90 days of sampling data, a list of retail accounts that have expressed interest, and documented consumer feedback is in a fundamentally different conversation than a brand with a good product and a pitch deck. Velocity proof, even at small scale, changes the dynamic.</p>

<h2>How to build market presence before distribution</h2>

<p>Direct-to-retail is the first move. In Florida, many independent natural grocers, specialty beverage shops, and wellness retailers will carry a new product on consignment or with a small initial buy if the brand can demonstrate consumer demand. This doesn't require a distributor — it requires a relationship and a credible story.</p>

<p>Pair that with field activation. Sampling events at or near those initial retail placements build consumer trial data and create visible sell-through that retailers notice. A product that moves during a sampling event is easier to reorder than one sitting static on a shelf.</p>

<h2>The distributor introduction conversation</h2>

<p>Greenline's Phase 01 service is built specifically for this moment: a flat-fee distributor introduction that connects brands with our established relationships across Florida's hemp and functional beverage distributor network. These aren't cold introductions — they're warm conversations with distributors who already know what Greenline brings to the table.</p>

<p>Pair that with 60–90 days of activation sprint data and you're walking into those distributor meetings with proof, not just product.</p>

<h2>What the timeline looks like</h2>

<p>A realistic market entry sequence for a hemp or THC beverage brand entering Florida without existing distribution: 30 days of direct-to-retail outreach and initial placement, 60 days of sampling activations at those accounts, distributor introduction conversations at day 90 supported by real velocity data. That's a 3-month runway to a distribution conversation that's worth having.</p>

<p><a href=""https://www.greenlineactivations.com/contact"">Talk to Greenline about a Florida market entry strategy for your brand.</a></p>","Florida, Distribution, Field Marketing, Brand Strategy"
https://www.greenlineactivations.com/blog/best-grocery-chains-functional-beverage-sampling-florida,The best grocery chains for functional beverage sampling in Florida,The best grocery chains for functional beverage sampling in Florida | Greenline Activations,6/8/2026,Asmar Gary,Not every Florida grocery chain is the right fit for hemp and functional beverage sampling. Here's how to evaluate retail partners and prioritize your activation targets.,https://47886643.fs1.hubspotusercontent-na1.net/hubfs/47886643/post-08-grocery-chains.png,"<p>Choosing the right retail partner for sampling activations is one of the most consequential decisions in a Florida field marketing program. The wrong chain wastes budget. The right one builds velocity, retailer relationships, and consumer data that compounds over time.</p>

<p>Here's how to think about Florida's grocery landscape for functional and hemp beverage brands.</p>

<h2>Natural and specialty channel: highest conversion</h2>

<p>For hemp, THC beverage, and functional drink brands, natural and specialty grocery chains consistently outperform conventional grocery on sampling conversion. The consumer walking into a Sprouts, Lucky's Market, or a regional natural co-op is already predisposed to trying emerging wellness and functional beverage products. They read labels. They ask questions. They're not going to walk past your sample because hemp sounds unfamiliar.</p>

<p>Sampling in the natural channel is also operationally easier. Store staff are generally more knowledgeable about the category, retailer approval processes are faster for compliant products, and the brand fit is obvious — which means your rep isn't spending half the shift explaining what hemp is.</p>

<h2>Conventional grocery: higher volume, lower conversion</h2>

<p>Publix, Winn-Dixie, and conventional grocery chains have significantly more foot traffic than specialty retailers — but the conversion rate for hemp and functional beverages is lower. The average Publix shopper isn't actively seeking out a hemp-derived beverage, which means your rep is doing more education work per trial.</p>

<p>That's not a reason to avoid conventional grocery — it's a reason to staff it differently. Events at conventional chains require reps with stronger consumer education skills and a sharper objection-handling script. The volume potential is real; the execution bar is higher.</p>

<h2>Club and big box: specific use cases</h2>

<p>Sam's Club and Costco sampling programs are high-volume but tightly controlled — brands typically need established distribution and volume commitments to access these channels. For emerging hemp and functional beverage brands still building Florida presence, these aren't the right starting point. Revisit at month six or later.</p>

<h2>How to prioritize your activation targets</h2>

<p>Start with the retailers already carrying your product. Activating at a store that stocks you but hasn't seen strong velocity is the highest-ROI move — you're converting browsers into buyers at a location where the purchase is immediately accessible. Then expand to natural channel accounts where you don't yet have placement, using sampling events as the introduction to both consumers and store buyers.</p>

<h2>Greenline's retailer network</h2>

<p>Greenline has established activation relationships across Florida's natural, specialty, and conventional grocery channels — including pre-negotiated sampling access at accounts where new brands typically face longer approval timelines. <a href=""https://www.greenlineactivations.com/contact"">Reach out to discuss which retail targets make sense for your brand and market.</a></p>","Florida, Retail, Field Marketing, Functional Beverages, In-Store Sampling"
https://www.greenlineactivations.com/blog/how-to-measure-roi-brand-activation,How to measure ROI on a brand activation event — a framework for beverage brands,How to measure ROI on a brand activation event — a framework for beverage brands | Greenline Activations,6/15/2026,Asmar Gary,Most brands can't tell you whether their sampling activations worked. Here's a practical framework for measuring ROI on in-store field marketing events.,https://47886643.fs1.hubspotusercontent-na1.net/hubfs/47886643/post-09-roi.png,"<p>Most brands run sampling activations and have no idea whether they worked. They know they poured samples. They might know the rep showed up. Beyond that, it's a black box — and a black box is a budget line that's always first on the cut list.</p>

<p>Activation ROI is measurable. Here's how to do it.</p>

<h2>Define what you're measuring before the event</h2>

<p>ROI means different things depending on what you're trying to accomplish. A velocity-building activation at an existing retail account has different success metrics than a new retailer introduction event. Decide before the activation which of these you're measuring:</p>

<ul>
<li><strong>Trial volume:</strong> raw number of samples distributed</li>
<li><strong>Conversion rate:</strong> samples that led to same-day purchase</li>
<li><strong>Retailer engagement:</strong> whether store staff engaged with the rep and the product</li>
<li><strong>Consumer sentiment:</strong> qualitative feedback on product, price, and packaging</li>
<li><strong>Shelf movement:</strong> sell-through in the 7–14 days following the event</li>
</ul>

<p>You don't need all five. Pick the two that matter most for the specific event and make sure your recap collects them.</p>

<h2>The recap is your data source</h2>

<p>A standardized post-event recap is the only way to build usable activation data over time. At minimum, a recap should capture: number of samples poured, estimated conversions (purchases observed or reported by retail staff), top consumer questions and objections, rep notes on placement and store conditions, and photos.</p>

<p>If your agency isn't delivering this within 24 hours of every event, you're flying blind. Insist on it as a contract requirement.</p>

<h2>The direct ROI calculation</h2>

<p>Direct ROI from sampling is rarely positive on a per-event basis for emerging brands — and that's expected. The math:</p>

<p>(Units sold during event × retail margin per unit) − activation cost = direct margin</p>

<p>At $6 margin per unit, 20% conversion on 60 samples, and a $750 activation cost: $72 direct margin against $750 spend. That's not the point. The point is the cumulative effect: velocity data that justifies retailer reorders, consumer feedback that improves your rep script, and a retailer relationship that deepens with each event.</p>

<h2>The indirect ROI signals</h2>

<p>Track sell-through at activated accounts in the 30 days following each event. Brands that run consistent activations consistently see a velocity lift at those accounts — typically 15–40% above pre-activation baseline in the following 2–4 weeks. That lift is the ROI that justifies the program.</p>

<p>Greenline's post-event recaps are standardized across all activations, making it possible to aggregate data across a sprint and show velocity trends over time. <a href=""https://www.greenlineactivations.com/contact"">Ask us about our reporting framework when you reach out.</a></p>","Field Marketing, ROI, Brand Activations, Data"
https://www.greenlineactivations.com/blog/in-store-vs-on-premise-activations-thc-beverage,In-store vs on-premise activations — which is right for your THC beverage brand,In-store vs on-premise activations — which is right for your THC beverage brand | Greenline Activations,6/22/2026,Asmar Gary,Should your THC beverage brand activate in grocery stores or bars and restaurants? Here's how to choose the right channel for your activation strategy in Florida.,https://47886643.fs1.hubspotusercontent-na1.net/hubfs/47886643/post-10-instore-vs-onpremise.png,"<p>THC beverage brands entering Florida have two primary activation channels: in-store retail (grocery, specialty, natural channel) and on-premise (bars, restaurants, event venues). Both can work. They serve different brand-building objectives and require different execution approaches. Here's how to think through the choice.</p>

<h2>What in-store activations do well</h2>

<p>In-store sampling is a velocity tool. The goal is to move a consumer from discovery to purchase in a single interaction — they try your product, they like it, the product is on the shelf behind you, they buy it. Everything about the format is designed to close that loop.</p>

<p>In-store activations are also retailer relationship tools. Consistent, well-run sampling events tell a buyer that you're invested in the account and serious about sell-through. That investment pays off in better shelf positioning, expanded SKU placement, and reorder support.</p>

<p>For THC beverage brands in particular, in-store activations are where you build the consumer education pipeline. Grocery shoppers in the natural and specialty channel are your most receptive early adopters — the people who read labels, ask about cannabinoids, and become repeat purchasers when they have a good experience.</p>

<h2>What on-premise activations do well</h2>

<p>On-premise activation — getting your product into bars, restaurants, and event venues — is a brand awareness and social proof play. When a bartender recommends your THC beverage as an alternative to a cocktail, that recommendation carries weight that a sample table conversation doesn't. On-premise drives word of mouth and positions your product in a consumption context that resonates with your target consumer.</p>

<p>On-premise is also a higher-volume trial channel for the right product. A well-placed event activation at a concert, festival, or brand-aligned venue can generate thousands of trials in a single day — more than a month of in-store events in the same market.</p>

<h2>The trade-offs</h2>

<p>In-store activations have a direct purchase pathway — on-premise usually doesn't. If a consumer tries your product at a bar and loves it, they need a second step to buy it: finding it at retail, ordering online, or returning to that venue. That conversion gap is real.</p>

<p>On-premise is also harder to scale consistently. Finding the right venue partners, negotiating placement, and staffing events at venues with variable atmospheres requires more coordination than a standard retail sampling program.</p>

<h2>The right answer for most Florida THC beverage brands</h2>

<p>Start in-store. Build velocity. Establish your retail footprint. Then layer on-premise as a brand awareness amplifier once you have distribution in place and a consumer base to build on.</p>

<p>Greenline runs both in-store and event activations across Florida. <a href=""https://www.greenlineactivations.com/contact"">Talk to us about which channel fits your current stage.</a></p>","THC Beverages, Field Marketing, Brand Activations, Florida"
https://www.greenlineactivations.com/blog/hempsafe-certification-brand-ambassadors-earn-more,How HempSafe certification helps brand ambassadors earn more in Florida,How HempSafe certification helps brand ambassadors earn more in Florida | Greenline Activations,6/29/2026,Asmar Gary,"HempSafe certification isn't just compliance training. For brand ambassadors in Florida's hemp and THC beverage market, it's a direct path to better shifts and higher pay.",https://47886643.fs1.hubspotusercontent-na1.net/hubfs/47886643/post-11-hempsafe-earn-more.png,"<p>In a crowded brand ambassador market, most reps compete on availability and personality. In the hemp and THC beverage category specifically, there's a third variable that matters a lot more: category knowledge. And HempSafe certification is the fastest way to signal you have it.</p>

<h2>Why hemp activations pay more</h2>

<p>Hemp and THC beverage sampling events pay a premium over standard CPG activations because the category requires more from a rep. You're not handing out chips or energy drinks. You're representing a product that consumers have real questions about — questions about cannabinoids, legality, effects, and safety — in a retail environment with compliance guardrails that generic promo training doesn't cover.</p>

<p>Agencies that specialize in this category — and brands that care about how their product is represented — pay more because the qualified candidate pool is smaller. Most promo reps can work a snack activation. Fewer can confidently represent a hemp-derived Delta-9 THC beverage without creating liability for the brand.</p>

<h2>What HempSafe certification covers</h2>

<p>HempSafe is an online certification program built specifically for hemp beverage brand ambassadors. It covers:</p>

<ul>
<li>Hemp and THC basics: cannabinoid types, how hemp-derived Delta-9 differs from marijuana, what ""0.3% THC"" actually means</li>
<li>Compliance language: what reps can and cannot say under FTC guidelines and Florida state law</li>
<li>Consumer objection handling: scripted responses to the most common questions and skeptical reactions</li>
<li>Retailer protocols: age verification, sampling setup, and store-specific rules</li>
</ul>

<p>Reps who complete the program receive a verifiable credential — not just a completion email. Agencies and brands can confirm certification status before booking.</p>

<h2>How it translates to better work</h2>

<p>For reps working with agencies like Greenline Activations, HempSafe certification is a baseline requirement for hemp and THC beverage events. That means certified reps get access to a category of work that non-certified reps don't. And because demand for certified reps in this category is growing faster than supply, the scheduling leverage runs toward the rep.</p>

<p>It also signals professionalism in a way that generic promo experience doesn't. A rep who has invested in category-specific certification is easier to trust with a brand that has real compliance exposure — which translates to more consistent bookings, better shifts, and a faster path to lead ambassador roles.</p>

<h2>Get certified</h2>

<p>HempSafe certification is completed online at your own pace. Individual reps can certify independently; agencies can access bulk pricing for team certification.</p>

<p><a href=""https://hempsafe.org"">Start your HempSafe certification at HempSafe.org.</a> If you're interested in brand ambassador work in Florida after certifying, <a href=""https://www.greenlineactivations.com/contact"">reach out to Greenline Activations.</a></p>","HempSafe, Brand Ambassadors, Careers, Hemp Beverages, Florida"
https://www.greenlineactivations.com/blog/day-in-the-life-greenline-brand-ambassador,A day in the life of a Greenline Activations brand ambassador,A day in the life of a Greenline Activations brand ambassador | Greenline Activations,7/6/2026,Asmar Gary,What does a Greenline brand ambassador shift actually look like? Here's an honest walkthrough of a typical hemp beverage sampling activation in Florida.,https://47886643.fs1.hubspotusercontent-na1.net/hubfs/47886643/post-12-day-in-life.png,"<p>Brand ambassador job descriptions tell you what the role pays and where to apply. They rarely tell you what the day actually looks like. Here's an honest walkthrough of a Greenline Activations sampling shift — from pre-event prep to post-event recap.</p>

<h2>The week before: brief and prep</h2>

<p>Every Greenline activation starts with a brand brief delivered 5–7 days before the event. The brief covers the product being sampled, the retailer and location, the shift time window, setup requirements, and the key consumer talking points and compliance guidelines.</p>

<p>For hemp and THC beverage activations specifically, the brief includes a refresher on the product's cannabinoid profile, any claims that are approved for consumer conversations, and the specific objections most likely to come up at that account. Reps who are HempSafe certified already have the foundational knowledge — the brief applies it to the specific product and event.</p>

<h2>Event day: setup</h2>

<p>Arrive 15–20 minutes before the shift window. Find the store manager or department lead, confirm the sample station location, and set up. A standard Greenline setup is straightforward: branded table cover, product display, sample cups, and collateral if the brand has provided it. The product is either drop-shipped to the store in advance or brought by the rep depending on the brand's logistics.</p>

<p>Placement matters. For in-store activations, the sample station should be adjacent to the product on shelf — not near the entrance. If a store manager tries to put you by the front door, push back politely and explain that shelf-adjacent placement drives better results for the store. Most managers are receptive when you frame it as their interest, not yours.</p>

<h2>The shift: consumer conversations</h2>

<p>The core of the shift is straightforward: engage shoppers, offer a sample, answer questions, note reactions. The best reps don't wait for consumers to approach — they make eye contact, offer a sample naturally, and open a conversation without feeling like a sales pitch.</p>

<p>For hemp beverages, the most common consumer questions are predictable: Will this get me high? Is this legal? How is this different from CBD? What does it feel like? A HempSafe-certified rep has accurate, confident answers to all of these. The goal isn't to convince skeptics — it's to give genuinely curious consumers the information they need to make a decision.</p>

<p>Track everything as you go: how many samples poured, how many purchase conversations, any repeated questions or objections, what retail staff said about the product. These notes become your recap.</p>

<h2>Post-shift: the recap</h2>

<p>Recaps are submitted within 24 hours via Greenline's standardized form. It covers: samples distributed, estimated purchases, top consumer questions, retail staff feedback, photos of the setup and product placement, and any notable observations about the store environment.</p>

<p>This isn't paperwork for its own sake. The recap data is what Greenline uses to optimize subsequent activations at the same account — better placement, sharper rep prep, adjusted talking points. Brands use it to track velocity lift. Reps who submit strong recaps consistently are the ones who get first access to better shifts.</p>

<h2>Working with Greenline</h2>

<p>Greenline runs hemp, THC beverage, and functional drink activations across Florida. We require HempSafe certification for all reps working in the hemp category. If you're interested in upcoming shifts, <a href=""https://www.greenlineactivations.com/contact"">apply here</a> — include your market, your availability, and your HempSafe certification status.</p>","Brand Ambassadors, Field Marketing, Florida, HempSafe, Careers"